GEOID,year,name,parent_location,population,poverty_rate,renter_occupied_households,pct_renter_occupied,median_gross_rent,median_household_income,median_property_value,rent_burden,pct_white,pct_af_am,pct_hispanic,pct_am_ind,pct_asian,pct_nh_pi,pct_multiple,pct_other,eviction_filings,evictions,eviction_rate,eviction_filing_rate,low_flag,imputed,subbed,region
01,2010,Alabama,USA,4779736,13.91,564817,30.32,691,43160,122300,30.9,67.04,26.04,3.88,0.54,1.11,0.04,1.26,0.08,15061,9771,1.73,2.67,0,0,0,Northeast
01,2011,Alabama,USA,4830620,14.46,573419,31.34,717,43623,125500,30.5,66.35,26.29,4.01,0.46,1.22,0.03,1.53,0.12,16637,10670,1.86,2.9,0,0,0,Northeast
01,2012,Alabama,USA,4830620,14.46,582021,31.34,717,43623,125500,30.5,66.35,26.29,4.01,0.46,1.22,0.03,1.53,0.12,20797,11424,1.96,3.57,0,0,0,Northeast
01,2013,Alabama,USA,4830620,14.46,590623,31.34,717,43623,125500,30.5,66.35,26.29,4.01,0.46,1.22,0.03,1.53,0.12,22873,11379,1.93,3.87,0,0,0,Northeast
01,2014,Alabama,USA,4830620,14.46,599224,31.34,717,43623,125500,30.5,66.35,26.29,4.01,0.46,1.22,0.03,1.53,0.12,22778,10104,1.69,3.8,0,0,0,Northeast
01,2015,Alabama,USA,4830620,14.46,607826,31.34,717,43623,125500,30.5,66.35,26.29,4.01,0.46,1.22,0.03,1.53,0.12,22507,10929,1.8,3.7,0,0,0,Northeast
01,2016,Alabama,USA,4830620,14.46,616428,31.34,717,43623,125500,30.5,66.35,26.29,4.01,0.46,1.22,0.03,1.53,0.12,24294,11213,1.82,3.94,0,0,0,Northeast
04,2010,Arizona,USA,6392017,12.43,175596,33.99,891,50256,175900,31,57.82,3.74,29.65,4.03,2.67,0.17,1.79,0.13,13149,7634,4.35,7.49,1,0,0,North Central
04,2011,Arizona,USA,6641928,13.29,179892,37.24,913,50255,167500,30.1,56.5,3.98,30.33,3.99,2.93,0.17,1.99,0.11,13244,7066,3.93,7.36,1,0,0,North Central
04,2012,Arizona,USA,6641928,13.29,184188,37.24,913,50255,167500,30.1,56.5,3.98,30.33,3.99,2.93,0.17,1.99,0.11,13790,8235,4.47,7.49,1,0,0,North Central
04,2013,Arizona,USA,6641928,13.29,199114,37.24,913,50255,167500,30.1,56.5,3.98,30.33,3.99,2.93,0.17,1.99,0.11,14339,8632,4.34,7.2,1,0,0,North Central
04,2014,Arizona,USA,6641928,13.29,203620,37.24,913,50255,167500,30.1,56.5,3.98,30.33,3.99,2.93,0.17,1.99,0.11,7808,6375,3.13,3.83,1,0,0,North Central
04,2015,Arizona,USA,6641928,13.29,208123,37.24,913,50255,167500,30.1,56.5,3.98,30.33,3.99,2.93,0.17,1.99,0.11,9434,8209,3.94,4.53,1,0,0,North Central
04,2016,Arizona,USA,6641928,13.29,212626,37.24,913,50255,167500,30.1,56.5,3.98,30.33,3.99,2.93,0.17,1.99,0.11,12132,8339,3.92,5.71,1,0,0,North Central
05,2010,Arkansas,USA,2915918,14.08,378928,33.03,649,40531,106300,29.7,74.54,15.33,6.38,0.69,1.22,0.19,1.57,0.07,1986,NA,NA,0.52,0,0,0,West
05,2011,Arkansas,USA,2958208,14.25,386129,33.89,677,41371,111400,29.5,73.6,15.44,6.87,0.56,1.35,0.23,1.86,0.09,1789,NA,NA,0.46,0,0,0,West
05,2012,Arkansas,USA,2958208,14.25,393331,33.89,677,41371,111400,29.5,73.6,15.44,6.87,0.56,1.35,0.23,1.86,0.09,1716,NA,NA,0.44,0,0,0,West
05,2013,Arkansas,USA,2958208,14.25,400532,33.89,677,41371,111400,29.5,73.6,15.44,6.87,0.56,1.35,0.23,1.86,0.09,2029,NA,NA,0.51,0,0,0,West
05,2014,Arkansas,USA,2958208,14.25,407733,33.89,677,41371,111400,29.5,73.6,15.44,6.87,0.56,1.35,0.23,1.86,0.09,1883,NA,NA,0.46,0,0,0,West
05,2015,Arkansas,USA,2958208,14.25,414935,33.89,677,41371,111400,29.5,73.6,15.44,6.87,0.56,1.35,0.23,1.86,0.09,2565,NA,NA,0.62,0,0,0,West
05,2016,Arkansas,USA,2958208,14.25,422136,33.89,677,41371,111400,29.5,73.6,15.44,6.87,0.56,1.35,0.23,1.86,0.09,2963,NA,NA,0.7,0,0,0,West
06,2010,California,USA,37253956,11.47,4980453,44.06,1209,61400,383900,33.5,40.15,5.81,37.62,0.44,12.82,0.35,2.6,0.23,110779,96363,1.93,2.22,1,0,0,Northeast
06,2011,California,USA,38421464,12.18,4488791,45.67,1255,61818,385500,33.7,38.73,5.62,38.39,0.37,13.51,0.36,2.79,0.22,82173,71103,1.58,1.83,1,0,0,Northeast
06,2012,California,USA,38421464,12.18,4519903,45.67,1255,61818,385500,33.7,38.73,5.62,38.39,0.37,13.51,0.36,2.79,0.22,73144,63284,1.4,1.62,1,0,0,Northeast
06,2013,California,USA,38421464,12.18,4569754,45.67,1255,61818,385500,33.7,38.73,5.62,38.39,0.37,13.51,0.36,2.79,0.22,68656,58970,1.29,1.5,1,0,0,Northeast
06,2014,California,USA,38421464,12.18,4915846,45.67,1255,61818,385500,33.7,38.73,5.62,38.39,0.37,13.51,0.36,2.79,0.22,65454,55626,1.13,1.33,1,0,0,Northeast
06,2015,California,USA,38421464,12.18,4838246,45.67,1255,61818,385500,33.7,38.73,5.62,38.39,0.37,13.51,0.36,2.79,0.22,51875,44294,0.92,1.07,1,0,0,Northeast
06,2016,California,USA,38421464,12.18,4947085,45.67,1255,61818,385500,33.7,38.73,5.62,38.39,0.37,13.51,0.36,2.79,0.22,47079,41178,0.83,0.95,1,0,0,Northeast
08,2010,Colorado,USA,5029196,8.87,561305,34.46,915,58244,236800,30.8,70.01,3.75,20.65,0.62,2.7,0.11,2.01,0.15,37220,21444,3.82,6.63,0,0,0,South
08,2011,Colorado,USA,5278906,8.49,502464,35.67,1002,60629,247800,30.6,69.07,3.85,21.08,0.54,2.84,0.13,2.31,0.18,32412,18269,3.64,6.45,0,0,0,South
08,2012,Colorado,USA,5278906,8.49,437226,35.67,1002,60629,247800,30.6,69.07,3.85,21.08,0.54,2.84,0.13,2.31,0.18,27013,14510,3.32,6.18,0,0,0,South
08,2013,Colorado,USA,5278906,8.49,315782,35.67,1002,60629,247800,30.6,69.07,3.85,21.08,0.54,2.84,0.13,2.31,0.18,13542,7130,2.26,4.29,0,0,0,South
08,2014,Colorado,USA,5278906,8.49,305473,35.67,1002,60629,247800,30.6,69.07,3.85,21.08,0.54,2.84,0.13,2.31,0.18,12708,6728,2.2,4.16,0,0,0,South
08,2015,Colorado,USA,5278906,8.49,336706,35.67,1002,60629,247800,30.6,69.07,3.85,21.08,0.54,2.84,0.13,2.31,0.18,13051,6467,1.92,3.88,0,0,0,South
08,2016,Colorado,USA,5278906,8.49,661532,35.67,1002,60629,247800,30.6,69.07,3.85,21.08,0.54,2.84,0.13,2.31,0.18,36240,18195,2.75,5.48,0,0,0,South
09,2010,Connecticut,USA,3574097,7.11,348646,32.51,1044,69519,285900,31.8,71.24,9.38,13.4,0.19,3.75,0.03,1.66,0.34,14174,10402,2.98,4.07,1,0,0,North Central
09,2011,Connecticut,USA,3593222,7.55,354079,33,1075,70331,270500,31.7,69.22,9.63,14.65,0.14,4.16,0.02,1.89,0.29,14751,10850,3.06,4.17,1,0,0,North Central
09,2012,Connecticut,USA,3593222,7.55,359511,33,1075,70331,270500,31.7,69.22,9.63,14.65,0.14,4.16,0.02,1.89,0.29,14286,10339,2.88,3.97,1,0,0,North Central
09,2013,Connecticut,USA,3593222,7.55,364945,33,1075,70331,270500,31.7,69.22,9.63,14.65,0.14,4.16,0.02,1.89,0.29,13330,10105,2.77,3.65,1,0,0,North Central
09,2014,Connecticut,USA,3593222,7.55,370379,33,1075,70331,270500,31.7,69.22,9.63,14.65,0.14,4.16,0.02,1.89,0.29,15349,11655,3.15,4.14,1,0,0,North Central
09,2015,Connecticut,USA,3593222,7.55,446458,33,1075,70331,270500,31.7,69.22,9.63,14.65,0.14,4.16,0.02,1.89,0.29,16360,12433,2.78,3.66,1,0,0,North Central
09,2016,Connecticut,USA,3593222,7.55,452973,33,1075,70331,270500,31.7,69.22,9.63,14.65,0.14,4.16,0.02,1.89,0.29,17470,13760,3.04,3.86,1,0,0,North Central
10,2010,Delaware,USA,897934,7.61,95573,27.92,985,60119,241100,31.1,65.34,20.8,8.15,0.31,3.15,0.03,2.04,0.17,17840,6083,6.36,18.67,0,0,0,West
10,2011,Delaware,USA,926454,8.19,97526,28.83,1018,60509,231500,29.9,63.89,21.05,8.71,0.27,3.6,0.02,2.22,0.23,19174,6686,6.86,19.66,0,0,0,West
10,2012,Delaware,USA,926454,8.19,99478,28.83,1018,60509,231500,29.9,63.89,21.05,8.71,0.27,3.6,0.02,2.22,0.23,18300,5813,5.84,18.4,0,0,0,West
10,2013,Delaware,USA,926454,8.19,101430,28.83,1018,60509,231500,29.9,63.89,21.05,8.71,0.27,3.6,0.02,2.22,0.23,18262,5852,5.77,18,0,0,0,West
10,2014,Delaware,USA,926454,8.19,103380,28.83,1018,60509,231500,29.9,63.89,21.05,8.71,0.27,3.6,0.02,2.22,0.23,18279,5613,5.43,17.68,0,0,0,West
10,2015,Delaware,USA,926454,8.19,105333,28.83,1018,60509,231500,29.9,63.89,21.05,8.71,0.27,3.6,0.02,2.22,0.23,18289,5499,5.22,17.36,0,0,0,West
10,2016,Delaware,USA,926454,8.19,107285,28.83,1018,60509,231500,29.9,63.89,21.05,8.71,0.27,3.6,0.02,2.22,0.23,17370,5468,5.1,16.19,0,0,0,West
11,2010,District of Columbia,USA,601723,14.19,154652,57.99,1200,64267,443000,29.6,34.81,50.03,9.1,0.22,3.46,0.04,2.1,0.24,32473,1572,1.02,21,1,0,0,NA
11,2011,District of Columbia,USA,647484,14.33,158064,58.76,1327,70848,475800,29.5,35.6,47.98,10.16,0.2,3.63,0.03,2.12,0.28,30733,1484,0.94,19.44,1,0,0,NA
11,2012,District of Columbia,USA,647484,14.33,161475,58.76,1327,70848,475800,29.5,35.6,47.98,10.16,0.2,3.63,0.03,2.12,0.28,29121,1531,0.95,18.03,1,0,0,NA
11,2013,District of Columbia,USA,647484,14.33,164887,58.76,1327,70848,475800,29.5,35.6,47.98,10.16,0.2,3.63,0.03,2.12,0.28,NA,NA,NA,NA,1,0,0,NA
11,2014,District of Columbia,USA,647484,14.33,168298,58.76,1327,70848,475800,29.5,35.6,47.98,10.16,0.2,3.63,0.03,2.12,0.28,NA,NA,NA,NA,1,0,0,NA
11,2015,District of Columbia,USA,647484,14.33,171710,58.76,1327,70848,475800,29.5,35.6,47.98,10.16,0.2,3.63,0.03,2.12,0.28,NA,NA,NA,NA,1,0,0,NA
11,2016,District of Columbia,USA,647484,14.33,175121,58.76,1327,70848,475800,29.5,35.6,47.98,10.16,0.2,3.63,0.03,2.12,0.28,27434,4537,2.59,15.67,1,0,0,NA
12,2010,Florida,USA,18801310,11.36,2237158,32.64,987,47309,170800,35,57.89,15.16,22.47,0.25,2.37,0.05,1.55,0.26,117880,68858,3.08,5.27,0,0,0,Northeast
12,2011,Florida,USA,19645772,12.04,2309572,34.73,1002,47507,159000,34.4,56.06,15.45,23.72,0.21,2.54,0.05,1.7,0.26,125290,73179,3.17,5.42,0,0,0,Northeast
12,2012,Florida,USA,19645772,12.04,2412407,34.73,1002,47507,159000,34.4,56.06,15.45,23.72,0.21,2.54,0.05,1.7,0.26,118703,72342,3,4.92,0,0,0,Northeast
12,2013,Florida,USA,19645772,12.04,2504193,34.73,1002,47507,159000,34.4,56.06,15.45,23.72,0.21,2.54,0.05,1.7,0.26,116909,63788,2.55,4.67,0,0,0,Northeast
12,2014,Florida,USA,19645772,12.04,2581408,34.73,1002,47507,159000,34.4,56.06,15.45,23.72,0.21,2.54,0.05,1.7,0.26,120818,64121,2.48,4.68,0,0,0,Northeast
12,2015,Florida,USA,19645772,12.04,2708246,34.73,1002,47507,159000,34.4,56.06,15.45,23.72,0.21,2.54,0.05,1.7,0.26,135650,68598,2.53,5.01,0,0,0,Northeast
12,2016,Florida,USA,19645772,12.04,2836155,34.73,1002,47507,159000,34.4,56.06,15.45,23.72,0.21,2.54,0.05,1.7,0.26,139577,71615,2.53,4.92,0,0,0,Northeast
13,2010,Georgia,USA,9687653,13.35,1003699,34.34,849,49604,156400,31.7,55.88,30.05,8.81,0.22,3.22,0.05,1.57,0.2,201247,71956,7.17,20.05,0,0,0,South
13,2011,Georgia,USA,10006693,14.16,993724,36.67,879,49620,148100,31.3,54.57,30.52,9.15,0.18,3.58,0.04,1.73,0.23,202194,75330,7.58,20.35,0,0,0,South
13,2012,Georgia,USA,10006693,14.16,1012013,36.67,879,49620,148100,31.3,54.57,30.52,9.15,0.18,3.58,0.04,1.73,0.23,198972,73039,7.22,19.66,0,0,0,South
13,2013,Georgia,USA,10006693,14.16,1065945,36.67,879,49620,148100,31.3,54.57,30.52,9.15,0.18,3.58,0.04,1.73,0.23,185690,58931,5.53,17.42,0,0,0,South
13,2014,Georgia,USA,10006693,14.16,1117307,36.67,879,49620,148100,31.3,54.57,30.52,9.15,0.18,3.58,0.04,1.73,0.23,205725,58957,5.28,18.41,0,0,0,South
13,2015,Georgia,USA,10006693,14.16,1163862,36.67,879,49620,148100,31.3,54.57,30.52,9.15,0.18,3.58,0.04,1.73,0.23,206556,61833,5.31,17.75,0,0,0,South
13,2016,Georgia,USA,10006693,14.16,1208418,36.67,879,49620,148100,31.3,54.57,30.52,9.15,0.18,3.58,0.04,1.73,0.23,203212,56963,4.71,16.82,0,0,0,South
16,2010,Idaho,USA,1567582,10.88,157332,30.12,720,47015,167100,29.6,83.97,0.57,11.22,1.12,1.18,0.14,1.71,0.1,2174,1382,0.88,1.38,1,0,0,West
16,2011,Idaho,USA,1616547,10.88,161595,31.13,743,47583,162900,29.4,83.05,0.58,11.83,1.07,1.27,0.11,2.01,0.07,2355,1474,0.91,1.46,1,0,0,West
16,2012,Idaho,USA,1616547,10.88,165859,31.13,743,47583,162900,29.4,83.05,0.58,11.83,1.07,1.27,0.11,2.01,0.07,2269,1405,0.85,1.37,1,0,0,West
16,2013,Idaho,USA,1616547,10.88,180504,31.13,743,47583,162900,29.4,83.05,0.58,11.83,1.07,1.27,0.11,2.01,0.07,2484,1394,0.77,1.38,1,0,0,West
16,2014,Idaho,USA,1616547,10.88,185016,31.13,743,47583,162900,29.4,83.05,0.58,11.83,1.07,1.27,0.11,2.01,0.07,2325,1334,0.72,1.26,1,0,0,West
16,2015,Idaho,USA,1616547,10.88,178597,31.13,743,47583,162900,29.4,83.05,0.58,11.83,1.07,1.27,0.11,2.01,0.07,2137,1322,0.74,1.2,1,0,0,West
16,2016,Idaho,USA,1616547,10.88,182896,31.13,743,47583,162900,29.4,83.05,0.58,11.83,1.07,1.27,0.11,2.01,0.07,2037,1107,0.61,1.11,1,0,0,West
17,2010,Illinois,USA,12830632,10.01,1555442,32.53,877,56853,190800,30.8,63.66,14.29,15.8,0.15,4.52,0.02,1.43,0.12,66715,33719,2.17,4.29,0,0,0,Northeast
17,2011,Illinois,USA,12873761,10.48,1578305,33.61,907,57574,173800,30.3,62.47,14.13,16.49,0.11,4.98,0.02,1.67,0.14,68688,33949,2.15,4.35,0,0,0,Northeast
17,2012,Illinois,USA,12873761,10.48,1599539,33.61,907,57574,173800,30.3,62.47,14.13,16.49,0.11,4.98,0.02,1.67,0.14,67758,34854,2.18,4.24,0,0,0,Northeast
17,2013,Illinois,USA,12873761,10.48,1631856,33.61,907,57574,173800,30.3,62.47,14.13,16.49,0.11,4.98,0.02,1.67,0.14,66096,32654,2,4.05,0,0,0,Northeast
17,2014,Illinois,USA,12873761,10.48,1627897,33.61,907,57574,173800,30.3,62.47,14.13,16.49,0.11,4.98,0.02,1.67,0.14,62640,30472,1.87,3.85,0,0,0,Northeast
17,2015,Illinois,USA,12873761,10.48,1644752,33.61,907,57574,173800,30.3,62.47,14.13,16.49,0.11,4.98,0.02,1.67,0.14,60228,28237,1.72,3.66,0,0,0,Northeast
17,2016,Illinois,USA,12873761,10.48,1671051,33.61,907,57574,173800,30.3,62.47,14.13,16.49,0.11,4.98,0.02,1.67,0.14,56948,26453,1.58,3.41,0,0,0,Northeast
18,2010,Indiana,USA,6483802,10.64,678685,30.14,719,48374,123400,29.9,81.53,8.98,6.01,0.22,1.56,0.03,1.53,0.13,55696,30638,4.51,8.21,0,0,0,South
18,2011,Indiana,USA,6568645,11.11,690317,31,745,49255,124200,29.8,80.51,9.05,6.41,0.18,1.84,0.03,1.85,0.13,60550,33475,4.85,8.77,0,0,0,South
18,2012,Indiana,USA,6568645,11.11,717232,31,745,49255,124200,29.8,80.51,9.05,6.41,0.18,1.84,0.03,1.85,0.13,61517,33745,4.7,8.58,0,0,0,South
18,2013,Indiana,USA,6568645,11.11,738117,31,745,49255,124200,29.8,80.51,9.05,6.41,0.18,1.84,0.03,1.85,0.13,62046,32697,4.43,8.41,0,0,0,South
18,2014,Indiana,USA,6568645,11.11,752501,31,745,49255,124200,29.8,80.51,9.05,6.41,0.18,1.84,0.03,1.85,0.13,62479,31883,4.24,8.3,0,0,0,South
18,2015,Indiana,USA,6568645,11.11,743520,31,745,49255,124200,29.8,80.51,9.05,6.41,0.18,1.84,0.03,1.85,0.13,57653,29262,3.94,7.75,0,0,0,South
18,2016,Indiana,USA,6568645,11.11,781426,31,745,49255,124200,29.8,80.51,9.05,6.41,0.18,1.84,0.03,1.85,0.13,66544,31767,4.07,8.52,0,0,0,South
19,2010,Iowa,USA,3046355,7.93,313837,27.91,655,51129,123000,27.8,88.67,2.85,4.97,0.28,1.73,0.06,1.37,0.07,8932,5786,1.84,2.85,0,0,0,North Central
19,2011,Iowa,USA,3093526,8.06,318742,28.52,697,53183,129200,27.5,87.4,3.09,5.44,0.27,2.02,0.06,1.65,0.08,9722,5390,1.69,3.05,0,0,0,North Central
19,2012,Iowa,USA,3093526,8.06,323645,28.52,697,53183,129200,27.5,87.4,3.09,5.44,0.27,2.02,0.06,1.65,0.08,10589,5884,1.82,3.27,0,0,0,North Central
19,2013,Iowa,USA,3093526,8.06,328550,28.52,697,53183,129200,27.5,87.4,3.09,5.44,0.27,2.02,0.06,1.65,0.08,11120,5955,1.81,3.38,0,0,0,North Central
19,2014,Iowa,USA,3093526,8.06,354865,28.52,697,53183,129200,27.5,87.4,3.09,5.44,0.27,2.02,0.06,1.65,0.08,12835,6834,1.93,3.62,0,0,0,North Central
19,2015,Iowa,USA,3093526,8.06,360094,28.52,697,53183,129200,27.5,87.4,3.09,5.44,0.27,2.02,0.06,1.65,0.08,13943,7282,2.02,3.87,0,0,0,North Central
19,2016,Iowa,USA,3093526,8.06,365324,28.52,697,53183,129200,27.5,87.4,3.09,5.44,0.27,2.02,0.06,1.65,0.08,14520,7358,2.01,3.97,0,0,0,North Central
20,2010,Kansas,USA,2853118,8.93,358567,32.24,715,51273,127400,27.9,78.18,5.7,10.52,0.81,2.35,0.07,2.27,0.1,13553,9453,2.64,3.78,0,0,0,West
20,2011,Kansas,USA,2892987,9.09,364076,33.31,757,52205,132000,27.9,77.04,5.67,11.17,0.7,2.59,0.06,2.7,0.07,13363,9665,2.65,3.67,0,0,0,West
20,2012,Kansas,USA,2892987,9.09,367801,33.31,757,52205,132000,27.9,77.04,5.67,11.17,0.7,2.59,0.06,2.7,0.07,14313,10063,2.74,3.89,0,0,0,West
20,2013,Kansas,USA,2892987,9.09,367052,33.31,757,52205,132000,27.9,77.04,5.67,11.17,0.7,2.59,0.06,2.7,0.07,14180,10466,2.85,3.86,0,0,0,West
20,2014,Kansas,USA,2892987,9.09,367774,33.31,757,52205,132000,27.9,77.04,5.67,11.17,0.7,2.59,0.06,2.7,0.07,13344,9788,2.66,3.63,0,0,0,West
20,2015,Kansas,USA,2892987,9.09,367061,33.31,757,52205,132000,27.9,77.04,5.67,11.17,0.7,2.59,0.06,2.7,0.07,11204,7774,2.12,3.05,0,0,0,West
20,2016,Kansas,USA,2892987,9.09,372342,33.31,757,52205,132000,27.9,77.04,5.67,11.17,0.7,2.59,0.06,2.7,0.07,12972,8559,2.3,3.48,0,0,0,West
21,2010,Kentucky,USA,4339367,14.15,370880,31.32,638,42610,120000,29.3,86.32,7.68,3.06,0.2,1.11,0.05,1.48,0.11,22590,12731,3.43,6.09,1,0,0,Northeast
21,2011,Kentucky,USA,4397353,14.39,393471,32.76,675,43740,123200,29.3,85.55,7.78,3.26,0.17,1.25,0.05,1.82,0.1,23338,13052,3.32,5.93,1,0,0,Northeast
21,2012,Kentucky,USA,4397353,14.39,456208,32.76,675,43740,123200,29.3,85.55,7.78,3.26,0.17,1.25,0.05,1.82,0.1,25398,14854,3.26,5.57,1,0,0,Northeast
21,2013,Kentucky,USA,4397353,14.39,466434,32.76,675,43740,123200,29.3,85.55,7.78,3.26,0.17,1.25,0.05,1.82,0.1,27672,15473,3.32,5.93,1,0,0,Northeast
21,2014,Kentucky,USA,4397353,14.39,465319,32.76,675,43740,123200,29.3,85.55,7.78,3.26,0.17,1.25,0.05,1.82,0.1,25128,13857,2.98,5.4,1,0,0,Northeast
21,2015,Kentucky,USA,4397353,14.39,436993,32.76,675,43740,123200,29.3,85.55,7.78,3.26,0.17,1.25,0.05,1.82,0.1,25514,14476,3.31,5.84,1,0,0,Northeast
21,2016,Kentucky,USA,4397353,14.39,446135,32.76,675,43740,123200,29.3,85.55,7.78,3.26,0.17,1.25,0.05,1.82,0.1,21427,12980,2.91,4.8,1,0,0,Northeast
22,2010,Louisiana,USA,4533372,14.35,437382,32.75,762,44673,137700,31.8,60.33,31.82,4.25,0.62,1.53,0.03,1.27,0.15,28467,11950,2.73,6.51,1,0,0,South
22,2011,Louisiana,USA,4625253,15.19,461279,34.22,788,45047,144100,32,59.48,31.88,4.72,0.53,1.67,0.04,1.51,0.17,27087,12793,2.77,5.87,1,0,0,South
22,2012,Louisiana,USA,4625253,15.19,475723,34.22,788,45047,144100,32,59.48,31.88,4.72,0.53,1.67,0.04,1.51,0.17,27487,13059,2.75,5.78,1,0,0,South
22,2013,Louisiana,USA,4625253,15.19,477564,34.22,788,45047,144100,32,59.48,31.88,4.72,0.53,1.67,0.04,1.51,0.17,25384,12810,2.68,5.32,1,0,0,South
22,2014,Louisiana,USA,4625253,15.19,445023,34.22,788,45047,144100,32,59.48,31.88,4.72,0.53,1.67,0.04,1.51,0.17,27015,13922,3.13,6.07,1,0,0,South
22,2015,Louisiana,USA,4625253,15.19,457968,34.22,788,45047,144100,32,59.48,31.88,4.72,0.53,1.67,0.04,1.51,0.17,28363,14185,3.1,6.19,1,0,0,South
22,2016,Louisiana,USA,4625253,15.19,496037,34.22,788,45047,144100,32,59.48,31.88,4.72,0.53,1.67,0.04,1.51,0.17,29511,13095,2.64,5.95,1,0,0,South
23,2010,Maine,USA,1328361,8.89,159802,28.68,750,48219,175600,30.8,94.42,1.14,1.27,0.62,1.01,0.02,1.43,0.08,3464,3230,2.02,2.17,0,0,0,North Central
23,2011,Maine,USA,1329100,9.34,163454,28.79,777,49331,173800,30.9,93.88,1.09,1.46,0.57,1.08,0.01,1.85,0.05,3697,3503,2.14,2.26,0,0,0,North Central
23,2012,Maine,USA,1329100,9.34,167106,28.79,777,49331,173800,30.9,93.88,1.09,1.46,0.57,1.08,0.01,1.85,0.05,3758,3568,2.14,2.25,0,0,0,North Central
23,2013,Maine,USA,1329100,9.34,170758,28.79,777,49331,173800,30.9,93.88,1.09,1.46,0.57,1.08,0.01,1.85,0.05,4168,3942,2.31,2.44,0,0,0,North Central
23,2014,Maine,USA,1329100,9.34,174409,28.79,777,49331,173800,30.9,93.88,1.09,1.46,0.57,1.08,0.01,1.85,0.05,4136,3905,2.24,2.37,0,0,0,North Central
23,2015,Maine,USA,1329100,9.34,178061,28.79,777,49331,173800,30.9,93.88,1.09,1.46,0.57,1.08,0.01,1.85,0.05,4286,4027,2.26,2.41,0,0,0,North Central
23,2016,Maine,USA,1329100,9.34,181713,28.79,777,49331,173800,30.9,93.88,1.09,1.46,0.57,1.08,0.01,1.85,0.05,4381,4113,2.26,2.41,0,0,0,North Central
24,2010,Maryland,USA,5773552,6.47,277314,32.49,1172,72999,304900,31,54.7,29,8.15,0.24,5.49,0.04,2.18,0.21,129992,2118,0.76,46.88,1,0,0,West
24,2011,Maryland,USA,5930538,6.97,281486,33.18,1230,74551,286900,30.8,53.02,29.06,9,0.2,5.99,0.04,2.45,0.25,131365,1452,0.52,46.67,1,0,0,West
24,2012,Maryland,USA,5930538,6.97,285656,33.18,1230,74551,286900,30.8,53.02,29.06,9,0.2,5.99,0.04,2.45,0.25,131923,5140,1.8,46.18,1,0,0,West
24,2013,Maryland,USA,5930538,6.97,289827,33.18,1230,74551,286900,30.8,53.02,29.06,9,0.2,5.99,0.04,2.45,0.25,137255,1311,0.45,47.36,1,0,0,West
24,2014,Maryland,USA,5930538,6.97,293997,33.18,1230,74551,286900,30.8,53.02,29.06,9,0.2,5.99,0.04,2.45,0.25,145716,2943,1,49.56,1,0,0,West
24,2015,Maryland,USA,5930538,6.97,129798,33.18,1230,74551,286900,30.8,53.02,29.06,9,0.2,5.99,0.04,2.45,0.25,132836,3119,2.4,102.34,1,0,0,West
24,2016,Maryland,USA,5930538,6.97,131919,33.18,1230,74551,286900,30.8,53.02,29.06,9,0.2,5.99,0.04,2.45,0.25,136740,4694,3.56,103.65,1,0,0,West
25,2010,Massachusetts,USA,6547629,7.75,938273,37.69,1056,66658,335500,30.1,76.13,5.98,9.59,0.16,5.31,0.02,1.87,0.94,24228,18803,2,2.58,0,0,0,Northeast
25,2011,Massachusetts,USA,6705586,8.19,950163,37.89,1102,68563,333100,30.3,74.3,6.48,10.56,0.12,5.95,0.02,1.95,0.63,26568,20452,2.15,2.8,0,0,0,Northeast
25,2012,Massachusetts,USA,6705586,8.19,962052,37.89,1102,68563,333100,30.3,74.3,6.48,10.56,0.12,5.95,0.02,1.95,0.63,33571,19648,2.04,3.49,0,0,0,Northeast
25,2013,Massachusetts,USA,6705586,8.19,973943,37.89,1102,68563,333100,30.3,74.3,6.48,10.56,0.12,5.95,0.02,1.95,0.63,34728,18131,1.86,3.57,0,0,0,Northeast
25,2014,Massachusetts,USA,6705586,8.19,1008781,37.89,1102,68563,333100,30.3,74.3,6.48,10.56,0.12,5.95,0.02,1.95,0.63,36146,18289,1.81,3.58,0,0,0,Northeast
25,2015,Massachusetts,USA,6705586,8.19,1020997,37.89,1102,68563,333100,30.3,74.3,6.48,10.56,0.12,5.95,0.02,1.95,0.63,37510,17986,1.76,3.67,0,0,0,Northeast
25,2016,Massachusetts,USA,6705586,8.19,1033212,37.89,1102,68563,333100,30.3,74.3,6.48,10.56,0.12,5.95,0.02,1.95,0.63,37121,15708,1.52,3.59,0,0,0,Northeast
26,2010,Michigan,USA,9883640,11.67,1055844,27.87,755,48471,128600,32.9,76.59,14,4.41,0.55,2.39,0.02,1.93,0.1,147721,69292,6.56,13.99,0,0,0,South
26,2011,Michigan,USA,9900571,11.93,1073810,28.96,783,49576,122400,31.7,75.89,13.8,4.72,0.48,2.7,0.02,2.27,0.12,158653,74372,6.93,14.77,0,0,0,South
26,2012,Michigan,USA,9900571,11.93,1082933,28.96,783,49576,122400,31.7,75.89,13.8,4.72,0.48,2.7,0.02,2.27,0.12,157607,72512,6.7,14.55,0,0,0,South
26,2013,Michigan,USA,9900571,11.93,1076183,28.96,783,49576,122400,31.7,75.89,13.8,4.72,0.48,2.7,0.02,2.27,0.12,163183,67660,6.29,15.16,0,0,0,South
26,2014,Michigan,USA,9900571,11.93,1066682,28.96,783,49576,122400,31.7,75.89,13.8,4.72,0.48,2.7,0.02,2.27,0.12,155718,58358,5.47,14.6,0,0,0,South
26,2015,Michigan,USA,9900571,11.93,1018571,28.96,783,49576,122400,31.7,75.89,13.8,4.72,0.48,2.7,0.02,2.27,0.12,139706,41632,4.09,13.72,0,0,0,South
26,2016,Michigan,USA,9900571,11.93,1037704,28.96,783,49576,122400,31.7,75.89,13.8,4.72,0.48,2.7,0.02,2.27,0.12,138169,34016,3.28,13.31,0,0,0,South
27,2010,Minnesota,USA,5303925,7.22,471878,26.99,802,59126,194300,29.8,83.05,5.07,4.72,1.04,4.02,0.04,1.94,0.11,18234,7063,1.5,3.86,0,0,0,North Central
27,2011,Minnesota,USA,5419171,7.29,478263,28.34,848,61492,186200,29.2,81.71,5.42,5,0.96,4.42,0.03,2.35,0.12,18046,8040,1.68,3.77,0,0,0,North Central
27,2012,Minnesota,USA,5419171,7.29,509678,28.34,848,61492,186200,29.2,81.71,5.42,5,0.96,4.42,0.03,2.35,0.12,18065,7017,1.38,3.54,0,0,0,North Central
27,2013,Minnesota,USA,5419171,7.29,574334,28.34,848,61492,186200,29.2,81.71,5.42,5,0.96,4.42,0.03,2.35,0.12,17825,7780,1.35,3.1,0,0,0,North Central
27,2014,Minnesota,USA,5419171,7.29,573652,28.34,848,61492,186200,29.2,81.71,5.42,5,0.96,4.42,0.03,2.35,0.12,14651,6620,1.15,2.55,0,0,0,North Central
27,2015,Minnesota,USA,5419171,7.29,580844,28.34,848,61492,186200,29.2,81.71,5.42,5,0.96,4.42,0.03,2.35,0.12,14169,4307,0.74,2.44,0,0,0,North Central
27,2016,Minnesota,USA,5419171,7.29,588037,28.34,848,61492,186200,29.2,81.71,5.42,5,0.96,4.42,0.03,2.35,0.12,13622,3480,0.59,2.32,0,0,0,North Central
28,2010,Mississippi,USA,2967297,17.54,304923,30.36,688,38882,100200,32.3,58.04,36.85,2.75,0.47,0.86,0.03,0.94,0.06,20800,12410,4.07,6.82,0,0,0,West
28,2011,Mississippi,USA,2988081,17.56,307474,31.61,717,39665,103100,31.7,57.38,37.23,2.9,0.4,0.96,0.01,1.03,0.08,24925,13564,4.41,8.11,0,0,0,West
28,2012,Mississippi,USA,2988081,17.56,312540,31.61,717,39665,103100,31.7,57.38,37.23,2.9,0.4,0.96,0.01,1.03,0.08,25640,13499,4.32,8.2,0,0,0,West
28,2013,Mississippi,USA,2988081,17.56,317607,31.61,717,39665,103100,31.7,57.38,37.23,2.9,0.4,0.96,0.01,1.03,0.08,24408,13526,4.26,7.68,0,0,0,West
28,2014,Mississippi,USA,2988081,17.56,324009,31.61,717,39665,103100,31.7,57.38,37.23,2.9,0.4,0.96,0.01,1.03,0.08,26638,14116,4.36,8.22,0,0,0,West
28,2015,Mississippi,USA,2988081,17.56,310357,31.61,717,39665,103100,31.7,57.38,37.23,2.9,0.4,0.96,0.01,1.03,0.08,25652,13819,4.45,8.27,0,0,0,West
28,2016,Mississippi,USA,2988081,17.56,315015,31.61,717,39665,103100,31.7,57.38,37.23,2.9,0.4,0.96,0.01,1.03,0.08,21324,12479,3.96,6.77,0,0,0,West
29,2010,Missouri,USA,5988927,10.71,742002,31.23,712,47333,138400,29.4,81,11.47,3.55,0.4,1.62,0.1,1.77,0.09,46286,29535,3.98,6.24,0,0,0,Northeast
29,2011,Missouri,USA,6045448,11.13,750477,32.76,746,48173,138400,29.4,80.22,11.44,3.85,0.37,1.74,0.1,2.14,0.13,43237,27769,3.7,5.76,0,0,0,Northeast
29,2012,Missouri,USA,6045448,11.13,758952,32.76,746,48173,138400,29.4,80.22,11.44,3.85,0.37,1.74,0.1,2.14,0.13,49711,29196,3.85,6.55,0,0,0,Northeast
29,2013,Missouri,USA,6045448,11.13,756292,32.76,746,48173,138400,29.4,80.22,11.44,3.85,0.37,1.74,0.1,2.14,0.13,40638,26507,3.5,5.37,0,0,0,Northeast
29,2014,Missouri,USA,6045448,11.13,764667,32.76,746,48173,138400,29.4,80.22,11.44,3.85,0.37,1.74,0.1,2.14,0.13,37369,25034,3.27,4.89,0,0,0,Northeast
29,2015,Missouri,USA,6045448,11.13,718031,32.76,746,48173,138400,29.4,80.22,11.44,3.85,0.37,1.74,0.1,2.14,0.13,37572,23717,3.3,5.23,0,0,0,Northeast
29,2016,Missouri,USA,6045448,11.13,725712,32.76,746,48173,138400,29.4,80.22,11.44,3.85,0.37,1.74,0.1,2.14,0.13,35106,20651,2.85,4.84,0,0,0,Northeast
30,2010,Montana,USA,989415,9.82,106219,32.03,667,45456,183000,28.3,87.79,0.38,2.89,6.05,0.62,0.06,2.15,0.05,1013,747,0.7,0.95,0,0,0,South
30,2011,Montana,USA,1014699,9.91,120193,32.81,711,47169,193500,28.6,86.98,0.44,3.31,6.26,0.68,0.08,2.22,0.03,1280,857,0.71,1.06,0,0,0,South
30,2012,Montana,USA,1014699,9.91,131860,32.81,711,47169,193500,28.6,86.98,0.44,3.31,6.26,0.68,0.08,2.22,0.03,1616,982,0.74,1.23,0,0,0,South
30,2013,Montana,USA,1014699,9.91,135088,32.81,711,47169,193500,28.6,86.98,0.44,3.31,6.26,0.68,0.08,2.22,0.03,1906,1099,0.81,1.41,0,0,0,South
30,2014,Montana,USA,1014699,9.91,138316,32.81,711,47169,193500,28.6,86.98,0.44,3.31,6.26,0.68,0.08,2.22,0.03,2159,1239,0.9,1.56,0,0,0,South
30,2015,Montana,USA,1014699,9.91,141545,32.81,711,47169,193500,28.6,86.98,0.44,3.31,6.26,0.68,0.08,2.22,0.03,2107,1195,0.84,1.49,0,0,0,South
30,2016,Montana,USA,1014699,9.91,144773,32.81,711,47169,193500,28.6,86.98,0.44,3.31,6.26,0.68,0.08,2.22,0.03,2292,1249,0.86,1.58,0,0,0,South
31,2010,Nebraska,USA,1826341,8.37,219725,32.78,687,51381,126700,27,82.12,4.43,9.17,0.81,1.75,0.05,1.56,0.12,8221,5088,2.32,3.74,0,0,0,North Central
31,2011,Nebraska,USA,1869365,8.75,225263,33.76,726,52997,133200,27,80.76,4.59,9.96,0.71,2.02,0.06,1.82,0.09,8171,4959,2.2,3.63,0,0,0,North Central
31,2012,Nebraska,USA,1869365,8.75,230802,33.76,726,52997,133200,27,80.76,4.59,9.96,0.71,2.02,0.06,1.82,0.09,8123,4870,2.11,3.52,0,0,0,North Central
31,2013,Nebraska,USA,1869365,8.75,236341,33.76,726,52997,133200,27,80.76,4.59,9.96,0.71,2.02,0.06,1.82,0.09,8604,5146,2.18,3.64,0,0,0,North Central
31,2014,Nebraska,USA,1869365,8.75,241878,33.76,726,52997,133200,27,80.76,4.59,9.96,0.71,2.02,0.06,1.82,0.09,8055,5421,2.24,3.33,0,0,0,North Central
31,2015,Nebraska,USA,1869365,8.75,252787,33.76,726,52997,133200,27,80.76,4.59,9.96,0.71,2.02,0.06,1.82,0.09,7564,5455,2.16,2.99,0,0,0,North Central
31,2016,Nebraska,USA,1869365,8.75,258410,33.76,726,52997,133200,27,80.76,4.59,9.96,0.71,2.02,0.06,1.82,0.09,7325,5615,2.17,2.83,0,0,0,North Central
32,2010,Nevada,USA,2700551,10.56,347005,41.22,1001,54083,190900,31,54.14,7.7,26.53,0.87,7.07,0.57,2.93,0.18,21652,16279,4.69,6.24,0,0,0,West
32,2011,Nevada,USA,2798636,11.39,356141,44.94,973,51847,173700,30.1,52,8.07,27.53,0.88,7.55,0.61,3.21,0.16,22920,17681,4.96,6.44,0,0,0,West
32,2012,Nevada,USA,2798636,11.39,365281,44.94,973,51847,173700,30.1,52,8.07,27.53,0.88,7.55,0.61,3.21,0.16,30627,23101,6.32,8.38,0,0,0,West
32,2013,Nevada,USA,2798636,11.39,374418,44.94,973,51847,173700,30.1,52,8.07,27.53,0.88,7.55,0.61,3.21,0.16,33757,23112,6.17,9.02,0,0,0,West
32,2014,Nevada,USA,2798636,11.39,383553,44.94,973,51847,173700,30.1,52,8.07,27.53,0.88,7.55,0.61,3.21,0.16,32490,17235,4.49,8.47,0,0,0,West
32,2015,Nevada,USA,2798636,11.39,385910,44.94,973,51847,173700,30.1,52,8.07,27.53,0.88,7.55,0.61,3.21,0.16,32736,17148,4.44,8.48,0,0,0,West
32,2016,Nevada,USA,2798636,11.39,394807,44.94,973,51847,173700,30.1,52,8.07,27.53,0.88,7.55,0.61,3.21,0.16,24319,13478,3.41,6.16,0,0,0,West
33,2010,New Hampshire,USA,1316470,5.56,90086,29.03,972,64925,245600,29.7,92.3,1.03,2.79,0.2,2.15,0.02,1.37,0.14,1890,1699,1.89,2.1,1,0,0,Northeast
33,2011,New Hampshire,USA,1324201,5.62,75150,29.04,1000,66779,237300,29.5,91.4,1.17,3.18,0.14,2.35,0.02,1.61,0.12,1449,1305,1.74,1.93,1,0,0,Northeast
33,2012,New Hampshire,USA,1324201,5.62,76660,29.04,1000,66779,237300,29.5,91.4,1.17,3.18,0.14,2.35,0.02,1.61,0.12,1262,1033,1.35,1.65,1,0,0,Northeast
33,2013,New Hampshire,USA,1324201,5.62,78171,29.04,1000,66779,237300,29.5,91.4,1.17,3.18,0.14,2.35,0.02,1.61,0.12,1703,1503,1.92,2.18,1,0,0,Northeast
33,2014,New Hampshire,USA,1324201,5.62,67740,29.04,1000,66779,237300,29.5,91.4,1.17,3.18,0.14,2.35,0.02,1.61,0.12,1536,1471,2.17,2.27,1,0,0,Northeast
33,2015,New Hampshire,USA,1324201,5.62,9290,29.04,1000,66779,237300,29.5,91.4,1.17,3.18,0.14,2.35,0.02,1.61,0.12,169,167,1.8,1.82,1,0,0,Northeast
33,2016,New Hampshire,USA,1324201,5.62,9451,29.04,1000,66779,237300,29.5,91.4,1.17,3.18,0.14,2.35,0.02,1.61,0.12,166,161,1.7,1.76,1,0,0,Northeast
34,2010,New Jersey,USA,8791894,7.42,1111895,34.59,1154,71637,337900,31.8,59.31,12.8,17.69,0.14,8.19,0.02,1.53,0.31,157412,13355,1.2,14.16,1,0,0,South
34,2011,New Jersey,USA,8904413,8.16,1130837,35.53,1192,72093,315900,32.1,57.2,12.72,18.96,0.11,8.98,0.02,1.57,0.44,162089,13633,1.21,14.33,1,0,0,South
34,2012,New Jersey,USA,8904413,8.16,1149772,35.53,1192,72093,315900,32.1,57.2,12.72,18.96,0.11,8.98,0.02,1.57,0.44,158237,13372,1.16,13.76,1,0,0,South
34,2013,New Jersey,USA,8904413,8.16,1168711,35.53,1192,72093,315900,32.1,57.2,12.72,18.96,0.11,8.98,0.02,1.57,0.44,163021,13684,1.17,13.95,1,0,0,South
34,2014,New Jersey,USA,8904413,8.16,1187648,35.53,1192,72093,315900,32.1,57.2,12.72,18.96,0.11,8.98,0.02,1.57,0.44,161078,13059,1.1,13.56,1,0,0,South
34,2015,New Jersey,USA,8904413,8.16,1206587,35.53,1192,72093,315900,32.1,57.2,12.72,18.96,0.11,8.98,0.02,1.57,0.44,156107,2107,0.17,12.94,1,0,0,South
34,2016,New Jersey,USA,8904413,8.16,1225526,35.53,1192,72093,315900,32.1,57.2,12.72,18.96,0.11,8.98,0.02,1.57,0.44,147671,136,0.01,12.05,1,0,0,South
35,2010,New Mexico,USA,2059179,14.88,194312,31.5,736,44886,161500,29.8,40.49,1.72,46.3,8.52,1.28,0.06,1.45,0.18,13502,7872,4.05,6.95,0,0,0,North Central
35,2011,New Mexico,USA,2084117,15.94,188724,31.94,777,44963,160300,30.7,39.2,1.83,47.36,8.51,1.31,0.04,1.58,0.18,13470,7256,3.84,7.14,0,0,0,North Central
35,2012,New Mexico,USA,2084117,15.94,191876,31.94,777,44963,160300,30.7,39.2,1.83,47.36,8.51,1.31,0.04,1.58,0.18,13762,7587,3.95,7.17,0,0,0,North Central
35,2013,New Mexico,USA,2084117,15.94,195029,31.94,777,44963,160300,30.7,39.2,1.83,47.36,8.51,1.31,0.04,1.58,0.18,14524,7897,4.05,7.45,0,0,0,North Central
35,2014,New Mexico,USA,2084117,15.94,161213,31.94,777,44963,160300,30.7,39.2,1.83,47.36,8.51,1.31,0.04,1.58,0.18,11719,6114,3.79,7.27,0,0,0,North Central
35,2015,New Mexico,USA,2084117,15.94,154218,31.94,777,44963,160300,30.7,39.2,1.83,47.36,8.51,1.31,0.04,1.58,0.18,8822,5826,3.78,5.72,0,0,0,North Central
35,2016,New Mexico,USA,2084117,15.94,188623,31.94,777,44963,160300,30.7,39.2,1.83,47.36,8.51,1.31,0.04,1.58,0.18,7984,6006,3.18,4.23,0,0,0,North Central
36,2010,New York,USA,19378102,11.38,948335,46.73,1061,57683,295300,31.6,58.34,14.37,17.63,0.28,7.26,0.03,1.68,0.42,54068,12358,1.3,5.7,1,0,0,West
36,2011,New York,USA,19673174,11.98,1052214,46.37,1132,59269,283400,32.2,56.78,14.39,18.4,0.24,7.92,0.02,1.73,0.51,46083,1405,0.13,4.38,1,0,0,West
36,2012,New York,USA,19673174,11.98,1069348,46.37,1132,59269,283400,32.2,56.78,14.39,18.4,0.24,7.92,0.02,1.73,0.51,37144,6171,0.58,3.47,1,0,0,West
36,2013,New York,USA,19673174,11.98,1216345,46.37,1132,59269,283400,32.2,56.78,14.39,18.4,0.24,7.92,0.02,1.73,0.51,36428,5892,0.48,2.99,1,0,0,West
36,2014,New York,USA,19673174,11.98,1278217,46.37,1132,59269,283400,32.2,56.78,14.39,18.4,0.24,7.92,0.02,1.73,0.51,39272,10161,0.79,3.07,1,0,0,West
36,2015,New York,USA,19673174,11.98,1290249,46.37,1132,59269,283400,32.2,56.78,14.39,18.4,0.24,7.92,0.02,1.73,0.51,36660,9145,0.71,2.84,1,0,0,West
36,2016,New York,USA,19673174,11.98,1770577,46.37,1132,59269,283400,32.2,56.78,14.39,18.4,0.24,7.92,0.02,1.73,0.51,126657,38055,2.15,7.15,1,0,0,West
37,2010,North Carolina,USA,9535483,12.41,1173438,33.3,759,46450,153600,30.3,65.27,21.18,8.39,1.14,2.17,0.06,1.63,0.16,167293,66669,5.68,14.26,0,0,0,Northeast
37,2011,North Carolina,USA,9845333,12.79,1203775,34.87,797,46868,154900,30.3,64.24,21.17,8.84,1.1,2.46,0.05,1.94,0.2,165870,63278,5.26,13.78,0,0,0,Northeast
37,2012,North Carolina,USA,9845333,12.79,1234112,34.87,797,46868,154900,30.3,64.24,21.17,8.84,1.1,2.46,0.05,1.94,0.2,150500,57668,4.67,12.2,0,0,0,Northeast
37,2013,North Carolina,USA,9845333,12.79,1264451,34.87,797,46868,154900,30.3,64.24,21.17,8.84,1.1,2.46,0.05,1.94,0.2,156613,56020,4.43,12.39,0,0,0,Northeast
37,2014,North Carolina,USA,9845333,12.79,1294790,34.87,797,46868,154900,30.3,64.24,21.17,8.84,1.1,2.46,0.05,1.94,0.2,156090,60365,4.66,12.06,0,0,0,Northeast
37,2015,North Carolina,USA,9845333,12.79,1325128,34.87,797,46868,154900,30.3,64.24,21.17,8.84,1.1,2.46,0.05,1.94,0.2,148593,59940,4.52,11.21,0,0,0,Northeast
37,2016,North Carolina,USA,9845333,12.79,1355467,34.87,797,46868,154900,30.3,64.24,21.17,8.84,1.1,2.46,0.05,1.94,0.2,147038,62539,4.61,10.85,0,0,0,Northeast
38,2010,North Dakota,USA,672591,7.45,97249,34.58,610,51641,123900,24.9,88.91,1.15,2,5.29,1.02,0.04,1.54,0.05,533,NA,NA,0.55,0,0,0,South
38,2011,North Dakota,USA,721640,7.23,101400,35.86,709,57181,153800,24.9,87.05,1.6,2.85,5.2,1.22,0.04,2,0.05,618,NA,NA,0.61,0,0,0,South
38,2012,North Dakota,USA,721640,7.23,105552,35.86,709,57181,153800,24.9,87.05,1.6,2.85,5.2,1.22,0.04,2,0.05,680,NA,NA,0.64,0,0,0,South
38,2013,North Dakota,USA,721640,7.23,109703,35.86,709,57181,153800,24.9,87.05,1.6,2.85,5.2,1.22,0.04,2,0.05,790,NA,NA,0.72,0,0,0,South
38,2014,North Dakota,USA,721640,7.23,113854,35.86,709,57181,153800,24.9,87.05,1.6,2.85,5.2,1.22,0.04,2,0.05,1054,NA,NA,0.93,0,0,0,South
38,2015,North Dakota,USA,721640,7.23,118006,35.86,709,57181,153800,24.9,87.05,1.6,2.85,5.2,1.22,0.04,2,0.05,1187,NA,NA,1.01,0,0,0,South
38,2016,North Dakota,USA,721640,7.23,122157,35.86,709,57181,153800,24.9,87.05,1.6,2.85,5.2,1.22,0.04,2,0.05,1339,NA,NA,1.1,0,0,0,South
39,2010,Ohio,USA,11536504,11.21,1486926,32.42,710,48246,133700,30.2,81.13,12.04,3.07,0.18,1.65,0.03,1.76,0.13,105885,53388,3.59,7.12,0,0,0,North Central
39,2011,Ohio,USA,11575977,11.54,1519789,33.69,730,49429,129900,29.5,80.26,12.04,3.38,0.15,1.85,0.02,2.18,0.12,111712,61094,4.02,7.35,0,0,0,North Central
39,2012,Ohio,USA,11575977,11.54,1548499,33.69,730,49429,129900,29.5,80.26,12.04,3.38,0.15,1.85,0.02,2.18,0.12,109602,60566,3.91,7.08,0,0,0,North Central
39,2013,Ohio,USA,11575977,11.54,1577211,33.69,730,49429,129900,29.5,80.26,12.04,3.38,0.15,1.85,0.02,2.18,0.12,109340,60420,3.83,6.93,0,0,0,North Central
39,2014,Ohio,USA,11575977,11.54,1605920,33.69,730,49429,129900,29.5,80.26,12.04,3.38,0.15,1.85,0.02,2.18,0.12,97706,54519,3.39,6.08,0,0,0,North Central
39,2015,Ohio,USA,11575977,11.54,1634631,33.69,730,49429,129900,29.5,80.26,12.04,3.38,0.15,1.85,0.02,2.18,0.12,105069,58058,3.55,6.43,0,0,0,North Central
39,2016,Ohio,USA,11575977,11.54,1663340,33.69,730,49429,129900,29.5,80.26,12.04,3.38,0.15,1.85,0.02,2.18,0.12,103027,57980,3.49,6.19,0,0,0,North Central
40,2010,Oklahoma,USA,3751351,12.26,472946,32.78,679,44891,110800,28.7,68.65,7.25,8.85,8.23,1.71,0.11,5.12,0.08,30261,17353,3.67,6.4,0,0,0,West
40,2011,Oklahoma,USA,3849733,12.43,479956,33.94,727,46879,117900,28.3,67.31,7.12,9.65,6.95,1.91,0.12,6.87,0.08,31575,18002,3.75,6.58,0,0,0,West
40,2012,Oklahoma,USA,3849733,12.43,486968,33.94,727,46879,117900,28.3,67.31,7.12,9.65,6.95,1.91,0.12,6.87,0.08,28832,13612,2.8,5.92,0,0,0,West
40,2013,Oklahoma,USA,3849733,12.43,493979,33.94,727,46879,117900,28.3,67.31,7.12,9.65,6.95,1.91,0.12,6.87,0.08,32510,17541,3.55,6.58,0,0,0,West
40,2014,Oklahoma,USA,3849733,12.43,500991,33.94,727,46879,117900,28.3,67.31,7.12,9.65,6.95,1.91,0.12,6.87,0.08,39653,19399,3.87,7.91,0,0,0,West
40,2015,Oklahoma,USA,3849733,12.43,508002,33.94,727,46879,117900,28.3,67.31,7.12,9.65,6.95,1.91,0.12,6.87,0.08,44119,21109,4.16,8.68,0,0,0,West
40,2016,Oklahoma,USA,3849733,12.43,515013,33.94,727,46879,117900,28.3,67.31,7.12,9.65,6.95,1.91,0.12,6.87,0.08,42251,21814,4.24,8.2,0,0,0,West
41,2010,Oregon,USA,3831074,10.77,571142,37.82,854,50036,246100,31.8,78.46,1.7,11.75,1.11,3.64,0.33,2.87,0.14,20298,8467,1.48,3.55,0,0,0,Northeast
41,2011,Oregon,USA,3939233,11.19,581711,38.72,907,51243,237300,32.1,77.25,1.75,12.33,0.92,3.92,0.36,3.32,0.14,20021,8035,1.38,3.44,0,0,0,Northeast
41,2012,Oregon,USA,3939233,11.19,590516,38.72,907,51243,237300,32.1,77.25,1.75,12.33,0.92,3.92,0.36,3.32,0.14,21560,7845,1.33,3.65,0,0,0,Northeast
41,2013,Oregon,USA,3939233,11.19,603273,38.72,907,51243,237300,32.1,77.25,1.75,12.33,0.92,3.92,0.36,3.32,0.14,19170,7056,1.17,3.18,0,0,0,Northeast
41,2014,Oregon,USA,3939233,11.19,616029,38.72,907,51243,237300,32.1,77.25,1.75,12.33,0.92,3.92,0.36,3.32,0.14,18082,5947,0.97,2.94,0,0,0,Northeast
41,2015,Oregon,USA,3939233,11.19,628786,38.72,907,51243,237300,32.1,77.25,1.75,12.33,0.92,3.92,0.36,3.32,0.14,17291,6922,1.1,2.75,0,0,0,Northeast
41,2016,Oregon,USA,3939233,11.19,641543,38.72,907,51243,237300,32.1,77.25,1.75,12.33,0.92,3.92,0.36,3.32,0.14,18805,7038,1.1,2.93,0,0,0,Northeast
42,2010,Pennsylvania,USA,12702379,9.06,1527188,30.43,794,52267,164900,29.9,79.47,10.45,5.67,0.13,2.73,0.02,1.41,0.13,108631,38210,2.5,7.11,0,0,0,South
42,2011,Pennsylvania,USA,12779559,9.29,1548493,30.79,840,53599,166000,30.3,78.09,10.54,6.38,0.11,3.05,0.02,1.65,0.15,113472,38724,2.5,7.33,0,0,0,South
42,2012,Pennsylvania,USA,12779559,9.29,1569800,30.79,840,53599,166000,30.3,78.09,10.54,6.38,0.11,3.05,0.02,1.65,0.15,114819,39019,2.49,7.31,0,0,0,South
42,2013,Pennsylvania,USA,12779559,9.29,1591107,30.79,840,53599,166000,30.3,78.09,10.54,6.38,0.11,3.05,0.02,1.65,0.15,117186,37534,2.36,7.37,0,0,0,South
42,2014,Pennsylvania,USA,12779559,9.29,1612418,30.79,840,53599,166000,30.3,78.09,10.54,6.38,0.11,3.05,0.02,1.65,0.15,118181,38181,2.37,7.33,0,0,0,South
42,2015,Pennsylvania,USA,12779559,9.29,1633725,30.79,840,53599,166000,30.3,78.09,10.54,6.38,0.11,3.05,0.02,1.65,0.15,115825,37186,2.28,7.09,0,0,0,South
42,2016,Pennsylvania,USA,12779559,9.29,1655031,30.79,840,53599,166000,30.3,78.09,10.54,6.38,0.11,3.05,0.02,1.65,0.15,87898,29257,1.77,5.31,0,0,0,South
44,2010,Rhode Island,USA,1052567,9.19,137410,39.32,908,56102,259400,30.5,76.35,4.9,12.41,0.38,2.85,0.03,2.23,0.84,4050,3678,2.68,2.95,0,0,0,North Central
44,2011,Rhode Island,USA,1053661,10.11,138598,39.87,925,56852,238000,30.6,74.53,5.34,13.65,0.37,3.19,0.03,2.19,0.7,4532,4123,2.97,3.27,0,0,0,North Central
44,2012,Rhode Island,USA,1053661,10.11,126332,39.87,925,56852,238000,30.6,74.53,5.34,13.65,0.37,3.19,0.03,2.19,0.7,3343,3029,2.4,2.65,0,0,0,North Central
44,2013,Rhode Island,USA,1053661,10.11,127380,39.87,925,56852,238000,30.6,74.53,5.34,13.65,0.37,3.19,0.03,2.19,0.7,3991,3643,2.86,3.13,0,0,0,North Central
44,2014,Rhode Island,USA,1053661,10.11,128427,39.87,925,56852,238000,30.6,74.53,5.34,13.65,0.37,3.19,0.03,2.19,0.7,5110,3446,2.68,3.98,0,0,0,North Central
44,2015,Rhode Island,USA,1053661,10.11,163946,39.87,925,56852,238000,30.6,74.53,5.34,13.65,0.37,3.19,0.03,2.19,0.7,8372,5318,3.24,5.11,0,0,0,North Central
44,2016,Rhode Island,USA,1053661,10.11,165333,39.87,925,56852,238000,30.6,74.53,5.34,13.65,0.37,3.19,0.03,2.19,0.7,8346,5069,3.07,5.05,0,0,0,North Central
45,2010,South Carolina,USA,4625364,13.22,547446,30.67,749,44623,137400,31.1,64.05,27.67,5.1,0.36,1.26,0.05,1.39,0.12,134840,23560,4.3,24.63,0,0,0,West
45,2011,South Carolina,USA,4777576,13.49,564725,31.41,790,45483,139900,31.1,63.86,27.3,5.32,0.29,1.39,0.05,1.68,0.11,139195,23407,4.14,24.65,0,0,0,West
45,2012,South Carolina,USA,4777576,13.49,577071,31.41,790,45483,139900,31.1,63.86,27.3,5.32,0.29,1.39,0.05,1.68,0.11,134902,23929,4.15,23.38,0,0,0,West
45,2013,South Carolina,USA,4777576,13.49,577906,31.41,790,45483,139900,31.1,63.86,27.3,5.32,0.29,1.39,0.05,1.68,0.11,119865,22943,3.97,20.74,0,0,0,West
45,2014,South Carolina,USA,4777576,13.49,588002,31.41,790,45483,139900,31.1,63.86,27.3,5.32,0.29,1.39,0.05,1.68,0.11,135173,20322,3.46,22.99,0,0,0,West
45,2015,South Carolina,USA,4777576,13.49,454211,31.41,790,45483,139900,31.1,63.86,27.3,5.32,0.29,1.39,0.05,1.68,0.11,87322,19610,4.32,19.22,0,0,0,West
45,2016,South Carolina,USA,4777576,13.49,463545,31.41,790,45483,139900,31.1,63.86,27.3,5.32,0.29,1.39,0.05,1.68,0.11,86682,41099,8.87,18.7,0,0,0,West
46,2010,South Dakota,USA,814180,8.75,98230,31.87,617,49091,129800,26,84.69,1.22,2.72,8.53,0.93,0.04,1.82,0.06,361,NA,NA,0.37,0,0,0,Northeast
46,2011,South Dakota,USA,843190,9.1,100067,31.93,655,50957,140500,26,83.22,1.52,3.31,8.3,1.2,0.04,2.34,0.08,513,NA,NA,0.51,0,0,0,Northeast
46,2012,South Dakota,USA,843190,9.1,101904,31.93,655,50957,140500,26,83.22,1.52,3.31,8.3,1.2,0.04,2.34,0.08,433,NA,NA,0.42,0,0,0,Northeast
46,2013,South Dakota,USA,843190,9.1,103741,31.93,655,50957,140500,26,83.22,1.52,3.31,8.3,1.2,0.04,2.34,0.08,436,NA,NA,0.42,0,0,0,Northeast
46,2014,South Dakota,USA,843190,9.1,105578,31.93,655,50957,140500,26,83.22,1.52,3.31,8.3,1.2,0.04,2.34,0.08,441,NA,NA,0.42,0,0,0,Northeast
46,2015,South Dakota,USA,843190,9.1,107415,31.93,655,50957,140500,26,83.22,1.52,3.31,8.3,1.2,0.04,2.34,0.08,444,NA,NA,0.41,0,0,0,Northeast
46,2016,South Dakota,USA,843190,9.1,109252,31.93,655,50957,140500,26,83.22,1.52,3.31,8.3,1.2,0.04,2.34,0.08,574,NA,NA,0.53,0,0,0,Northeast
47,2010,Tennessee,USA,6346105,12.99,576780,31.8,726,44140,138700,30.6,75.65,16.54,4.57,0.26,1.42,0.04,1.42,0.1,45764,21115,3.66,7.93,1,0,0,South
47,2011,Tennessee,USA,6499615,13.23,596960,33.23,764,45219,142100,30.3,74.73,16.67,4.92,0.22,1.56,0.05,1.74,0.11,48595,22653,3.79,8.14,1,0,0,South
47,2012,Tennessee,USA,6499615,13.23,665716,33.23,764,45219,142100,30.3,74.73,16.67,4.92,0.22,1.56,0.05,1.74,0.11,49828,25279,3.8,7.48,1,0,0,South
47,2013,Tennessee,USA,6499615,13.23,653064,33.23,764,45219,142100,30.3,74.73,16.67,4.92,0.22,1.56,0.05,1.74,0.11,49675,17136,2.62,7.61,1,0,0,South
47,2014,Tennessee,USA,6499615,13.23,651579,33.23,764,45219,142100,30.3,74.73,16.67,4.92,0.22,1.56,0.05,1.74,0.11,49135,18049,2.77,7.54,1,0,0,South
47,2015,Tennessee,USA,6499615,13.23,681600,33.23,764,45219,142100,30.3,74.73,16.67,4.92,0.22,1.56,0.05,1.74,0.11,49210,20371,2.99,7.22,1,0,0,South
47,2016,Tennessee,USA,6499615,13.23,703544,33.23,764,45219,142100,30.3,74.73,16.67,4.92,0.22,1.56,0.05,1.74,0.11,46907,19556,2.78,6.67,1,0,0,South
48,2010,Texas,USA,25145561,13.46,2918832,36.28,834,51563,128000,29.7,45.33,11.48,37.62,0.32,3.77,0.07,1.27,0.14,197941,84808,2.91,6.78,1,0,0,North Central
48,2011,Texas,USA,26538614,13.45,3034284,37.77,882,53207,136000,29.3,43.84,11.57,38.42,0.25,4.19,0.07,1.53,0.13,207083,84819,2.8,6.82,1,0,0,North Central
48,2012,Texas,USA,26538614,13.45,3116188,37.77,882,53207,136000,29.3,43.84,11.57,38.42,0.25,4.19,0.07,1.53,0.13,213225,88460,2.84,6.84,1,0,0,North Central
48,2013,Texas,USA,26538614,13.45,3196751,37.77,882,53207,136000,29.3,43.84,11.57,38.42,0.25,4.19,0.07,1.53,0.13,210704,88744,2.78,6.59,1,0,0,North Central
48,2014,Texas,USA,26538614,13.45,3244589,37.77,882,53207,136000,29.3,43.84,11.57,38.42,0.25,4.19,0.07,1.53,0.13,210303,90781,2.8,6.48,1,0,0,North Central
48,2015,Texas,USA,26538614,13.45,3389585,37.77,882,53207,136000,29.3,43.84,11.57,38.42,0.25,4.19,0.07,1.53,0.13,192567,86635,2.56,5.68,1,0,0,North Central
48,2016,Texas,USA,26538614,13.45,3474100,37.77,882,53207,136000,29.3,43.84,11.57,38.42,0.25,4.19,0.07,1.53,0.13,165708,75431,2.17,4.77,1,0,0,North Central
49,2010,Utah,USA,2763885,8.85,259555,29.57,839,58164,217800,29.2,80.38,0.94,12.97,0.98,1.96,0.87,1.77,0.13,6929,2805,1.08,2.67,0,0,0,West
49,2011,Utah,USA,2903379,9.15,266507,30.53,887,60727,215900,29,79.5,1.01,13.43,0.95,2.17,0.88,1.91,0.15,7428,3002,1.13,2.79,0,0,0,West
49,2012,Utah,USA,2903379,9.15,273458,30.53,887,60727,215900,29,79.5,1.01,13.43,0.95,2.17,0.88,1.91,0.15,7016,3239,1.18,2.57,0,0,0,West
49,2013,Utah,USA,2903379,9.15,280408,30.53,887,60727,215900,29,79.5,1.01,13.43,0.95,2.17,0.88,1.91,0.15,6489,3150,1.12,2.31,0,0,0,West
49,2014,Utah,USA,2903379,9.15,287358,30.53,887,60727,215900,29,79.5,1.01,13.43,0.95,2.17,0.88,1.91,0.15,7088,3567,1.24,2.47,0,0,0,West
49,2015,Utah,USA,2903379,9.15,294309,30.53,887,60727,215900,29,79.5,1.01,13.43,0.95,2.17,0.88,1.91,0.15,6938,2840,0.96,2.36,0,0,0,West
49,2016,Utah,USA,2903379,9.15,301260,30.53,887,60727,215900,29,79.5,1.01,13.43,0.95,2.17,0.88,1.91,0.15,6590,2787,0.93,2.19,0,0,0,West
50,2010,Vermont,USA,625741,7.33,39515,29.26,864,54168,215800,31.1,94.32,0.95,1.47,0.32,1.26,0.02,1.56,0.09,50,50,0.13,0.13,1,0,0,Northeast
50,2011,Vermont,USA,626604,7.34,39960,29,895,55176,217500,30.9,93.61,1.07,1.71,0.3,1.39,0.03,1.8,0.1,41,41,0.1,0.1,1,0,0,Northeast
50,2012,Vermont,USA,626604,7.34,40405,29,895,55176,217500,30.9,93.61,1.07,1.71,0.3,1.39,0.03,1.8,0.1,8,7,0.02,0.02,1,0,0,Northeast
50,2013,Vermont,USA,626604,7.34,40850,29,895,55176,217500,30.9,93.61,1.07,1.71,0.3,1.39,0.03,1.8,0.1,24,23,0.06,0.06,1,0,0,Northeast
50,2014,Vermont,USA,626604,7.34,41295,29,895,55176,217500,30.9,93.61,1.07,1.71,0.3,1.39,0.03,1.8,0.1,60,57,0.14,0.15,1,0,0,Northeast
50,2015,Vermont,USA,626604,7.34,41740,29,895,55176,217500,30.9,93.61,1.07,1.71,0.3,1.39,0.03,1.8,0.1,87,86,0.21,0.21,1,0,0,Northeast
50,2016,Vermont,USA,626604,7.34,42185,29,895,55176,217500,30.9,93.61,1.07,1.71,0.3,1.39,0.03,1.8,0.1,39,39,0.09,0.09,1,0,0,Northeast
51,2010,Virginia,USA,8001024,7.79,685038,32.75,1060,63636,249700,29.9,64.82,19.04,7.9,0.26,5.45,0.06,2.27,0.19,94057,45125,6.59,13.73,0,0,0,South
51,2011,Virginia,USA,8256630,8.22,866175,33.82,1116,65015,245000,29.9,63.44,18.9,8.59,0.21,5.93,0.06,2.66,0.22,144511,50013,5.77,16.68,0,0,0,South
51,2012,Virginia,USA,8256630,8.22,881194,33.82,1116,65015,245000,29.9,63.44,18.9,8.59,0.21,5.93,0.06,2.66,0.22,138282,48198,5.47,15.69,0,0,0,South
51,2013,Virginia,USA,8256630,8.22,906176,33.82,1116,65015,245000,29.9,63.44,18.9,8.59,0.21,5.93,0.06,2.66,0.22,151841,51134,5.64,16.76,0,0,0,South
51,2014,Virginia,USA,8256630,8.22,917828,33.82,1116,65015,245000,29.9,63.44,18.9,8.59,0.21,5.93,0.06,2.66,0.22,147094,51101,5.57,16.03,0,0,0,South
51,2015,Virginia,USA,8256630,8.22,996441,33.82,1116,65015,245000,29.9,63.44,18.9,8.59,0.21,5.93,0.06,2.66,0.22,144220,50213,5.04,14.47,0,0,0,South
51,2016,Virginia,USA,8256630,8.22,1012175,33.82,1116,65015,245000,29.9,63.44,18.9,8.59,0.21,5.93,0.06,2.66,0.22,146534,51821,5.12,14.48,0,0,0,South
53,2010,Washington,USA,6724540,8.71,696535,36.11,951,59374,272900,30,72.52,3.41,11.24,1.32,7.07,0.58,3.68,0.18,12182,6522,0.94,1.75,1,0,0,North Central
53,2011,Washington,USA,6985464,8.85,694499,37.5,1014,61062,259500,30,70.76,3.49,11.96,1.16,7.6,0.61,4.28,0.14,12774,6364,0.92,1.84,1,0,0,North Central
53,2012,Washington,USA,6985464,8.85,705667,37.5,1014,61062,259500,30,70.76,3.49,11.96,1.16,7.6,0.61,4.28,0.14,11731,6667,0.94,1.66,1,0,0,North Central
53,2013,Washington,USA,6985464,8.85,716836,37.5,1014,61062,259500,30,70.76,3.49,11.96,1.16,7.6,0.61,4.28,0.14,12226,6659,0.93,1.71,1,0,0,North Central
53,2014,Washington,USA,6985464,8.85,830379,37.5,1014,61062,259500,30,70.76,3.49,11.96,1.16,7.6,0.61,4.28,0.14,14352,6671,0.8,1.73,1,0,0,North Central
53,2015,Washington,USA,6985464,8.85,907967,37.5,1014,61062,259500,30,70.76,3.49,11.96,1.16,7.6,0.61,4.28,0.14,16804,7515,0.83,1.85,1,0,0,North Central
53,2016,Washington,USA,6985464,8.85,968615,37.5,1014,61062,259500,30,70.76,3.49,11.96,1.16,7.6,0.61,4.28,0.14,14166,7904,0.82,1.46,1,0,0,North Central
54,2010,West Virginia,USA,1852994,12.85,189162,26.55,594,40400,97300,29.3,93.16,3.35,1.2,0.19,0.66,0.02,1.35,0.06,7670,6859,3.63,4.05,0,0,0,West
54,2011,West Virginia,USA,1851420,13.07,200779,27.48,643,41751,103800,28.9,92.55,3.26,1.37,0.15,0.72,0.03,1.85,0.07,8724,7800,3.88,4.35,0,0,0,West
54,2012,West Virginia,USA,1851420,13.07,206178,27.48,643,41751,103800,28.9,92.55,3.26,1.37,0.15,0.72,0.03,1.85,0.07,8968,8020,3.89,4.35,0,0,0,West
54,2013,West Virginia,USA,1851420,13.07,215359,27.48,643,41751,103800,28.9,92.55,3.26,1.37,0.15,0.72,0.03,1.85,0.07,9359,8354,3.88,4.35,0,0,0,West
54,2014,West Virginia,USA,1851420,13.07,220832,27.48,643,41751,103800,28.9,92.55,3.26,1.37,0.15,0.72,0.03,1.85,0.07,9296,8278,3.75,4.21,0,0,0,West
54,2015,West Virginia,USA,1851420,13.07,229104,27.48,643,41751,103800,28.9,92.55,3.26,1.37,0.15,0.72,0.03,1.85,0.07,9303,7921,3.46,4.06,0,0,0,West
54,2016,West Virginia,USA,1851420,13.07,234658,27.48,643,41751,103800,28.9,92.55,3.26,1.37,0.15,0.72,0.03,1.85,0.07,10314,8268,3.52,4.4,0,0,0,West
55,2010,Wisconsin,USA,5686986,8.36,728210,31.94,749,52627,169000,29.2,83.32,6.17,5.91,0.85,2.25,0.03,1.4,0.07,26802,15225,2.09,3.68,0,0,0,Northeast
55,2011,Wisconsin,USA,5742117,8.63,738132,32.7,776,53357,165800,28.9,82.37,6.17,6.35,0.8,2.49,0.02,1.73,0.07,28047,15869,2.15,3.8,0,0,0,Northeast
55,2012,Wisconsin,USA,5742117,8.63,748053,32.7,776,53357,165800,28.9,82.37,6.17,6.35,0.8,2.49,0.02,1.73,0.07,28183,15986,2.14,3.77,0,0,0,Northeast
55,2013,Wisconsin,USA,5742117,8.63,757975,32.7,776,53357,165800,28.9,82.37,6.17,6.35,0.8,2.49,0.02,1.73,0.07,28515,15909,2.1,3.76,0,0,0,Northeast
55,2014,Wisconsin,USA,5742117,8.63,767896,32.7,776,53357,165800,28.9,82.37,6.17,6.35,0.8,2.49,0.02,1.73,0.07,29320,16166,2.11,3.82,0,0,0,Northeast
55,2015,Wisconsin,USA,5742117,8.63,777818,32.7,776,53357,165800,28.9,82.37,6.17,6.35,0.8,2.49,0.02,1.73,0.07,27591,15715,2.02,3.55,0,0,0,Northeast
55,2016,Wisconsin,USA,5742117,8.63,787739,32.7,776,53357,165800,28.9,82.37,6.17,6.35,0.8,2.49,0.02,1.73,0.07,26508,14871,1.89,3.37,0,0,0,Northeast
56,2010,Wyoming,USA,563626,7.21,44382,30.77,733,56573,184400,25.7,85.85,0.77,8.91,2.09,0.76,0.06,1.47,0.08,107,106,0.24,0.24,1,0,0,South
56,2011,Wyoming,USA,579679,7.69,37604,30.94,789,58840,194800,25.6,84.47,1.03,9.61,1.9,0.89,0.07,2.01,0.02,94,92,0.24,0.25,1,0,0,South
56,2012,Wyoming,USA,579679,7.69,38682,30.94,789,58840,194800,25.6,84.47,1.03,9.61,1.9,0.89,0.07,2.01,0.02,67,65,0.17,0.17,1,0,0,South
56,2013,Wyoming,USA,579679,7.69,39761,30.94,789,58840,194800,25.6,84.47,1.03,9.61,1.9,0.89,0.07,2.01,0.02,87,87,0.22,0.22,1,0,0,South
56,2014,Wyoming,USA,579679,7.69,40840,30.94,789,58840,194800,25.6,84.47,1.03,9.61,1.9,0.89,0.07,2.01,0.02,94,94,0.23,0.23,1,0,0,South
56,2015,Wyoming,USA,579679,7.69,41918,30.94,789,58840,194800,25.6,84.47,1.03,9.61,1.9,0.89,0.07,2.01,0.02,243,241,0.57,0.58,1,0,0,South
56,2016,Wyoming,USA,579679,7.69,42997,30.94,789,58840,194800,25.6,84.47,1.03,9.61,1.9,0.89,0.07,2.01,0.02,382,377,0.88,0.89,1,0,0,South
